1928831584,1,content/mix/3195,leeromgeving,1
1845914268,4,content/mix/4497,educared-t,0
1845914268,4,content/mix/4497,educared-t,7
773914411,1,content/mix/4814,educared-t,8
773914411,1,content/mix/4814,educared-t,0
1306932743,34,content/mix/5441,leeromgeving,4
1306932743,34,content/mix/5441,leeromgeving,5
1306932743,34,content/mix/5441,leeromgeving,2
1215373125,1,content/mix/5478,leeromgeving,1
1215373125,1,content/mix/5478,leeromgeving,0
1835108664,2,content/mix/5495,leeromgeving,4
1835108664,2,content/mix/5495,leeromgeving,6
1835108664,2,content/mix/5495,leeromgeving,8
284795933,1,content/mix/7272,leeromgeving,0
284795933,1,content/mix/7272,leeromgeving,4
1205691654,1,content/mix/7281,leeromgeving,6
1205691654,1,content/mix/7281,leeromgeving,3
1306932743,0,content/mix/7281,leeromgeving,2
113451117,1,content/mix/7287,leeromgeving,5
113451117,1,content/mix/7287,leeromgeving,7
113451117,1,content/mix/7287,leeromgeving,8
1376279621,3,content/mix/7287,leeromgeving,0
1376279621,3,content/mix/7287,leeromgeving,5
1376279621,3,content/mix/7287,leeromgeving,6
113451117,1,content/mix/7292,leeromgeving,4
113451117,1,content/mix/7292,leeromgeving,3
113451117,1,content/mix/7292,leeromgeving,7
1835108664,0,content/mix/7493,leeromgeving,5
1847871551,1,content/mix/7499,leeromgeving,2
1847871551,1,content/mix/7499,leeromgeving,1
1847871551,1,content/mix/7499,leeromgeving,0
113451117,1,content/mix/7533,leeromgeving,6
113451117,1,content/mix/7533,leeromgeving,8
113451117,1,content/mix/7533,leeromgeving,5
50636717,3,content/mix/7535,buurtzorg,7
50636717,3,content/mix/7535,buurtzorg,3
211802634,5,content/mix/7535,buurtzorg,9
211802634,5,content/mix/7535,buurtzorg,4
255177399,1,content/mix/7535,buurtzorg,7
255177399,1,content/mix/7535,buurtzorg,3
627020127,2,content/mix/7535,buurtzorg,6
627020127,2,content/mix/7535,buurtzorg,2
2097382486,1,content/mix/7535,buurtzorg,1
2097382486,1,content/mix/7535,buurtzorg,0
1306932743,1,content/mix/7617,leeromgeving,9
1306932743,1,content/mix/7617,leeromgeving,7
1306932743,1,content/mix/7617,leeromgeving,6
858201212,3,content/mix/7618,leeromgeving,9
858201212,3,content/mix/7618,leeromgeving,0
858201212,3,content/mix/7618,leeromgeving,4
1635477804,3,content/mix/7638,leeromgeving,2
1635477804,3,content/mix/7638,leeromgeving,1
1635477804,3,content/mix/7638,leeromgeving,5
1847871551,1,content/mix/7643,leeromgeving,5
1847871551,1,content/mix/7643,leeromgeving,3
1847871551,1,content/mix/7643,leeromgeving,6
515887177,1,content/mix/7647,leeromgeving,7
515887177,1,content/mix/7647,leeromgeving,8
515887177,1,content/mix/7647,leeromgeving,0
858201212,2,content/mix/7647,leeromgeving,5
858201212,2,content/mix/7647,leeromgeving,3
858201212,2,content/mix/7647,leeromgeving,6
825937030,1,content/mix/7661,leeromgeving,7
825937030,1,content/mix/7661,leeromgeving,8
825937030,1,content/mix/7661,leeromgeving,3
949867217,2,content/mix/7661,leeromgeving,8
949867217,2,content/mix/7661,leeromgeving,2
949867217,2,content/mix/7661,leeromgeving,1
1306932743,1,content/mix/7681,leeromgeving,8
1306932743,1,content/mix/7681,leeromgeving,5
50636717,1,content/mix/7682,buurtzorg,8
50636717,1,content/mix/7682,buurtzorg,9
211802634,1,content/mix/7682,buurtzorg,0
211802634,1,content/mix/7682,buurtzorg,5
1257877109,1,content/mix/7770,leeromgeving,7
1257877109,1,content/mix/7770,leeromgeving,9
1785381835,0,content/mix/7770,leeromgeving,30
250330954,1,content/mix/7771,leeromgeving,4
250330954,1,content/mix/7771,leeromgeving,7
250330954,1,content/mix/7771,leeromgeving,5
397935211,1,content/mix/7771,leeromgeving,8
397935211,1,content/mix/7771,leeromgeving,0
397935211,1,content/mix/7771,leeromgeving,1
397935211,1,content/mix/7771,leeromgeving,2
397935211,1,content/mix/7771,leeromgeving,8
408067670,1,content/mix/7771,leeromgeving,4
408067670,1,content/mix/7771,leeromgeving,6
932542522,1,content/mix/7771,leeromgeving,8
932542522,1,content/mix/7771,leeromgeving,4
936158552,1,content/mix/7771,leeromgeving,3
936158552,1,content/mix/7771,leeromgeving,9
1000572509,1,content/mix/7771,leeromgeving,0
1000572509,1,content/mix/7771,leeromgeving,3
1071708967,1,content/mix/7771,leeromgeving,0
1071708967,1,content/mix/7771,leeromgeving,1
1071708967,1,content/mix/7771,leeromgeving,5
1551922279,1,content/mix/7771,leeromgeving,6
1551922279,1,content/mix/7771,leeromgeving,2
1631862394,1,content/mix/7771,leeromgeving,8
1631862394,1,content/mix/7771,leeromgeving,2
1719484156,1,content/mix/7771,leeromgeving,9
1719484156,1,content/mix/7771,leeromgeving,5
1847871551,1,content/mix/7773,leeromgeving,3
1847871551,1,content/mix/7773,leeromgeving,6
1847871551,1,content/mix/7773,leeromgeving,8
1481970901,2,content/mix/7784,leeromgeving,4
1481970901,2,content/mix/7784,leeromgeving,8
468402757,0,content/mix/7788,leeromgeving,2
1205691654,0,content/mix/7788,leeromgeving,4
618040523,7,content/mix/7795,leeromgeving,6
618040523,7,content/mix/7795,leeromgeving,8
1391444492,1,content/mix/8397,leeromgeving,3
1391444492,1,content/mix/8397,leeromgeving,2
1391444492,1,content/mix/8397,leeromgeving,5
1833673734,0,content/mix/8438,leeromgeving,8
8449562,1,content/mix/8441,leeromgeving,4
8449562,1,content/mix/8441,leeromgeving,8
12011801,2,content/mix/8441,leeromgeving,4
12011801,2,content/mix/8441,leeromgeving,3
30456146,1,content/mix/8441,leeromgeving,9
30456146,1,content/mix/8441,leeromgeving,0
30456146,1,content/mix/8441,leeromgeving,3
47565177,1,content/mix/8441,leeromgeving,0
47565177,1,content/mix/8441,leeromgeving,1
63907815,2,content/mix/8441,leeromgeving,0
63907815,2,content/mix/8441,leeromgeving,3
76038518,4,content/mix/8441,leeromgeving,4
76038518,4,content/mix/8441,leeromgeving,9
76038518,4,content/mix/8441,leeromgeving,7
93828062,1,content/mix/8441,leeromgeving,8
93828062,1,content/mix/8441,leeromgeving,4
93828062,1,content/mix/8441,leeromgeving,6
97532467,1,content/mix/8441,leeromgeving,7
97532467,1,content/mix/8441,leeromgeving,2
112710943,1,content/mix/8441,leeromgeving,3
112710943,1,content/mix/8441,leeromgeving,7
112710943,1,content/mix/8441,leeromgeving,5
117743574,1,content/mix/8441,leeromgeving,4
117743574,1,content/mix/8441,leeromgeving,6
118240296,3,content/mix/8441,leeromgeving,5
118240296,3,content/mix/8441,leeromgeving,4
119259499,1,content/mix/8441,leeromgeving,9
119259499,1,content/mix/8441,leeromgeving,1
125407128,1,content/mix/8441,leeromgeving,0
125407128,1,content/mix/8441,leeromgeving,3
125407128,1,content/mix/8441,leeromgeving,0
126790065,1,content/mix/8441,leeromgeving,0
126790065,1,content/mix/8441,leeromgeving,1
126790065,1,content/mix/8441,leeromgeving,5
130513561,1,content/mix/8441,leeromgeving,0
130513561,1,content/mix/8441,leeromgeving,0
130513561,1,content/mix/8441,leeromgeving,3
163861217,2,content/mix/8441,leeromgeving,5
163861217,2,content/mix/8441,leeromgeving,6
167198257,1,content/mix/8441,leeromgeving,2
167198257,1,content/mix/8441,leeromgeving,7
167198257,1,content/mix/8441,leeromgeving,8
172071357,1,content/mix/8441,leeromgeving,1
172071357,1,content/mix/8441,leeromgeving,9
176133506,2,content/mix/8441,leeromgeving,0
176133506,2,content/mix/8441,leeromgeving,0
191594771,1,content/mix/8441,leeromgeving,3
191594771,1,content/mix/8441,leeromgeving,4
191594771,1,content/mix/8441,leeromgeving,5
260688929,1,content/mix/8441,leeromgeving,6
260688929,1,content/mix/8441,leeromgeving,2
260688929,1,content/mix/8441,leeromgeving,5
264212536,1,content/mix/8441,leeromgeving,2
264212536,1,content/mix/8441,leeromgeving,4
266724032,1,content/mix/8441,leeromgeving,8
266724032,1,content/mix/8441,leeromgeving,1
266724032,1,content/mix/8441,leeromgeving,0
272004087,1,content/mix/8441,leeromgeving,8
272004087,1,content/mix/8441,leeromgeving,6
293863830,0,content/mix/8441,leeromgeving,5
317151063,1,content/mix/8441,leeromgeving,4
317151063,1,content/mix/8441,leeromgeving,3
317151063,1,content/mix/8441,leeromgeving,2
321141569,1,content/mix/8441,leeromgeving,3
321141569,1,content/mix/8441,leeromgeving,5
321141569,1,content/mix/8441,leeromgeving,4
333552124,1,content/mix/8441,leeromgeving,3
333552124,1,content/mix/8441,leeromgeving,5
360372453,1,content/mix/8441,leeromgeving,6
360372453,1,content/mix/8441,leeromgeving,4
379142170,2,content/mix/8441,leeromgeving,6
379142170,2,content/mix/8441,leeromgeving,3
387892302,1,content/mix/8441,leeromgeving,6
387892302,1,content/mix/8441,leeromgeving,2
387892302,1,content/mix/8441,leeromgeving,0
414290576,1,content/mix/8441,leeromgeving,7
414290576,1,content/mix/8441,leeromgeving,5
436565412,1,content/mix/8441,leeromgeving,4
436565412,1,content/mix/8441,leeromgeving,9
436565412,1,content/mix/8441,leeromgeving,0
440266587,1,content/mix/8441,leeromgeving,1
440266587,1,content/mix/8441,leeromgeving,9
444951165,1,content/mix/8441,leeromgeving,4
444951165,1,content/mix/8441,leeromgeving,3
445939951,1,content/mix/8441,leeromgeving,0
445939951,1,content/mix/8441,leeromgeving,5
451240825,1,content/mix/8441,leeromgeving,2
451240825,1,content/mix/8441,leeromgeving,0
455434029,1,content/mix/8441,leeromgeving,0
455434029,1,content/mix/8441,leeromgeving,5
455434029,1,content/mix/8441,leeromgeving,9
463269415,1,content/mix/8441,leeromgeving,4
463269415,1,content/mix/8441,leeromgeving,7
463269415,1,content/mix/8441,leeromgeving,2
531779332,1,content/mix/8441,leeromgeving,7
531779332,1,content/mix/8441,leeromgeving,8
531779332,1,content/mix/8441,leeromgeving,0
552555388,1,content/mix/8441,leeromgeving,3
552555388,1,content/mix/8441,leeromgeving,2
557203175,1,content/mix/8441,leeromgeving,7
557203175,1,content/mix/8441,leeromgeving,3
557203175,1,content/mix/8441,leeromgeving,2
566130581,1,content/mix/8441,leeromgeving,8
566130581,1,content/mix/8441,leeromgeving,5
566130581,1,content/mix/8441,leeromgeving,3
574003419,1,content/mix/8441,leeromgeving,2
574003419,1,content/mix/8441,leeromgeving,6
574003419,1,content/mix/8441,leeromgeving,8
574247305,1,content/mix/8441,leeromgeving,6
574247305,1,content/mix/8441,leeromgeving,4
574914437,1,content/mix/8441,leeromgeving,3
574914437,1,content/mix/8441,leeromgeving,9
599372595,3,content/mix/8441,leeromgeving,0
599372595,3,content/mix/8441,leeromgeving,5
600404976,1,content/mix/8441,leeromgeving,3
600404976,1,content/mix/8441,leeromgeving,0
600404976,1,content/mix/8441,leeromgeving,9
614917976,1,content/mix/8441,leeromgeving,6
614917976,1,content/mix/8441,leeromgeving,4
633526536,1,content/mix/8441,leeromgeving,3
633526536,1,content/mix/8441,leeromgeving,9
633526536,1,content/mix/8441,leeromgeving,2
649352187,1,content/mix/8441,leeromgeving,1
649352187,1,content/mix/8441,leeromgeving,5
651749465,1,content/mix/8441,leeromgeving,3
651749465,1,content/mix/8441,leeromgeving,7
660259519,1,content/mix/8441,leeromgeving,3
660259519,1,content/mix/8441,leeromgeving,2
660259519,1,content/mix/8441,leeromgeving,6
669405711,2,content/mix/8441,leeromgeving,7
669405711,2,content/mix/8441,leeromgeving,8
669405711,2,content/mix/8441,leeromgeving,8
683257239,1,content/mix/8441,leeromgeving,3
683257239,1,content/mix/8441,leeromgeving,2
684807429,1,content/mix/8441,leeromgeving,7
684807429,1,content/mix/8441,leeromgeving,5
713161763,1,content/mix/8441,leeromgeving,4
713161763,1,content/mix/8441,leeromgeving,8
713161763,1,content/mix/8441,leeromgeving,5
713161763,1,content/mix/8441,leeromgeving,4
730152907,2,content/mix/8441,leeromgeving,3
730152907,2,content/mix/8441,leeromgeving,7
730152907,2,content/mix/8441,leeromgeving,4
737222179,2,content/mix/8441,leeromgeving,8
737222179,2,content/mix/8441,leeromgeving,4
737222179,2,content/mix/8441,leeromgeving,3
740108257,1,content/mix/8441,leeromgeving,2
740108257,1,content/mix/8441,leeromgeving,7
753365471,4,content/mix/8441,leeromgeving,5
753365471,4,content/mix/8441,leeromgeving,3
761996991,1,content/mix/8441,leeromgeving,4
761996991,1,content/mix/8441,leeromgeving,8
762147329,2,content/mix/8441,leeromgeving,0
762147329,2,content/mix/8441,leeromgeving,9
774636702,1,content/mix/8441,leeromgeving,2
774636702,1,content/mix/8441,leeromgeving,7
841421658,7,content/mix/8441,leeromgeving,4
841421658,7,content/mix/8441,leeromgeving,3
849258980,1,content/mix/8441,leeromgeving,8
849258980,1,content/mix/8441,leeromgeving,3
849258980,1,content/mix/8441,leeromgeving,2
863706242,0,content/mix/8441,leeromgeving,7
882150069,1,content/mix/8441,leeromgeving,4
882150069,1,content/mix/8441,leeromgeving,7
890005787,2,content/mix/8441,leeromgeving,5
890005787,2,content/mix/8441,leeromgeving,6
893469319,3,content/mix/8441,leeromgeving,3
893469319,3,content/mix/8441,leeromgeving,8
918237684,1,content/mix/8441,leeromgeving,3
918237684,1,content/mix/8441,leeromgeving,2
918237684,1,content/mix/8441,leeromgeving,2
934889372,1,content/mix/8441,leeromgeving,8
934889372,1,content/mix/8441,leeromgeving,3
948546202,1,content/mix/8441,leeromgeving,5
948546202,1,content/mix/8441,leeromgeving,7
975867241,1,content/mix/8441,leeromgeving,8
975867241,2,content/mix/8441,leeromgeving,3
975867241,2,content/mix/8441,leeromgeving,5
975867241,1,content/mix/8441,leeromgeving,7
982962015,3,content/mix/8441,leeromgeving,3
982962015,3,content/mix/8441,leeromgeving,4
1000763679,1,content/mix/8441,leeromgeving,9
1000763679,1,content/mix/8441,leeromgeving,0
1001471648,1,content/mix/8441,leeromgeving,1
1001471648,1,content/mix/8441,leeromgeving,2
1033295430,1,content/mix/8441,leeromgeving,0
1033295430,1,content/mix/8441,leeromgeving,0
1044633578,1,content/mix/8441,leeromgeving,3
1044633578,1,content/mix/8441,leeromgeving,0
1052922452,1,content/mix/8441,leeromgeving,5
1052922452,1,content/mix/8441,leeromgeving,6
1061170032,1,content/mix/8441,leeromgeving,7
1061170032,1,content/mix/8441,leeromgeving,4
1072974994,3,content/mix/8441,leeromgeving,3
1072974994,3,content/mix/8441,leeromgeving,2
1074092440,1,content/mix/8441,leeromgeving,8
1074092440,1,content/mix/8441,leeromgeving,4
1074092440,1,content/mix/8441,leeromgeving,8
1089945503,2,content/mix/8441,leeromgeving,4
1089945503,2,content/mix/8441,leeromgeving,0
1099197788,1,content/mix/8441,leeromgeving,1
1099197788,1,content/mix/8441,leeromgeving,0
1110846357,4,content/mix/8441,leeromgeving,6
1110846357,4,content/mix/8441,leeromgeving,4
1110846357,4,content/mix/8441,leeromgeving,8
1155061117,1,content/mix/8441,leeromgeving,3
1155061117,1,content/mix/8441,leeromgeving,6
1157113901,1,content/mix/8441,leeromgeving,8
1157113901,1,content/mix/8441,leeromgeving,3
1167674272,1,content/mix/8441,leeromgeving,6
1167674272,1,content/mix/8441,leeromgeving,5
1167674272,1,content/mix/8441,leeromgeving,6
1176047375,1,content/mix/8441,leeromgeving,7
1176047375,1,content/mix/8441,leeromgeving,4
1194962448,2,content/mix/8441,leeromgeving,3
1194962448,2,content/mix/8441,leeromgeving,3
1204335376,2,content/mix/8441,leeromgeving,2
1204335376,2,content/mix/8441,leeromgeving,9
1205691654,1,content/mix/8441,leeromgeving,0
1205691654,3,content/mix/8441,leeromgeving,4
1205691654,1,content/mix/8441,leeromgeving,5
1205691654,14,content/mix/8441,leeromgeving,7
1205691654,1,content/mix/8441,leeromgeving,5
1205691654,3,content/mix/8441,leeromgeving,4
1205691654,14,content/mix/8441,leeromgeving,3
1221042970,1,content/mix/8441,leeromgeving,3
1221042970,1,content/mix/8441,leeromgeving,2
1236449062,1,content/mix/8441,leeromgeving,7
1236449062,1,content/mix/8441,leeromgeving,8
1258014505,1,content/mix/8441,leeromgeving,5
1258014505,1,content/mix/8441,leeromgeving,8
1258973526,1,content/mix/8441,leeromgeving,5
1258973526,1,content/mix/8441,leeromgeving,4
1260653895,1,content/mix/8441,leeromgeving,3
1260653895,1,content/mix/8441,leeromgeving,8
1263200578,1,content/mix/8441,leeromgeving,3
1263200578,1,content/mix/8441,leeromgeving,2
1270269651,2,content/mix/8441,leeromgeving,7
1270269651,2,content/mix/8441,leeromgeving,8
1280457857,1,content/mix/8441,leeromgeving,4
1280457857,1,content/mix/8441,leeromgeving,3
1304193626,1,content/mix/8441,leeromgeving,8
1304193626,1,content/mix/8441,leeromgeving,6
1324609380,2,content/mix/8441,leeromgeving,5
1324609380,2,content/mix/8441,leeromgeving,3
1331214751,1,content/mix/8441,leeromgeving,7
1331214751,1,content/mix/8441,leeromgeving,9
1331214751,1,content/mix/8441,leeromgeving,0
1339450748,2,content/mix/8441,leeromgeving,5
1339450748,2,content/mix/8441,leeromgeving,6
1339450748,2,content/mix/8441,leeromgeving,9
1355327736,1,content/mix/8441,leeromgeving,4
1355327736,1,content/mix/8441,leeromgeving,5
1360094025,3,content/mix/8441,leeromgeving,8
1360094025,3,content/mix/8441,leeromgeving,3
1360094025,1,content/mix/8441,leeromgeving,6
1360094025,1,content/mix/8441,leeromgeving,3
1360094025,1,content/mix/8441,leeromgeving,9
1378516912,1,content/mix/8441,leeromgeving,4
1378516912,1,content/mix/8441,leeromgeving,5
1378516912,1,content/mix/8441,leeromgeving,3
1379325594,1,content/mix/8441,leeromgeving,6
1379325594,1,content/mix/8441,leeromgeving,6
1382282654,1,content/mix/8441,leeromgeving,2
1382282654,1,content/mix/8441,leeromgeving,1
1382282654,1,content/mix/8441,leeromgeving,0
1434082681,1,content/mix/8441,leeromgeving,3
1434082681,1,content/mix/8441,leeromgeving,6
1434082681,1,content/mix/8441,leeromgeving,3
1436747638,1,content/mix/8441,leeromgeving,8
1436747638,1,content/mix/8441,leeromgeving,9
1441991834,2,content/mix/8441,leeromgeving,1
1441991834,2,content/mix/8441,leeromgeving,3
1441991834,2,content/mix/8441,leeromgeving,0
1443079388,1,content/mix/8441,leeromgeving,3
1443079388,1,content/mix/8441,leeromgeving,5
1444976573,0,content/mix/8441,leeromgeving,3
1449174639,1,content/mix/8441,leeromgeving,6
1449174639,1,content/mix/8441,leeromgeving,2
1451401861,1,content/mix/8441,leeromgeving,8
1451401861,1,content/mix/8441,leeromgeving,0
1467806563,2,content/mix/8441,leeromgeving,4
1467806563,1,content/mix/8441,leeromgeving,7
1467806563,1,content/mix/8441,leeromgeving,4
1467806563,2,content/mix/8441,leeromgeving,3
1467806563,3,content/mix/8441,leeromgeving,7
1484465472,1,content/mix/8441,leeromgeving,9
1484465472,1,content/mix/8441,leeromgeving,0
1494675916,1,content/mix/8441,leeromgeving,3
1494675916,1,content/mix/8441,leeromgeving,6
1500056531,1,content/mix/8441,leeromgeving,3
1500056531,1,content/mix/8441,leeromgeving,6
1500056531,1,content/mix/8441,leeromgeving,4
1504149317,1,content/mix/8441,leeromgeving,8
1504149317,1,content/mix/8441,leeromgeving,3
1553710940,1,content/mix/8441,leeromgeving,9
1553710940,1,content/mix/8441,leeromgeving,0
1553977846,3,content/mix/8441,leeromgeving,4
1553977846,3,content/mix/8441,leeromgeving,7
1581227735,1,content/mix/8441,leeromgeving,5
1581227735,1,content/mix/8441,leeromgeving,4
1581227735,1,content/mix/8441,leeromgeving,3
1603529555,1,content/mix/8441,leeromgeving,8
1603529555,1,content/mix/8441,leeromgeving,2
1631862394,2,content/mix/8441,leeromgeving,1
1631862394,2,content/mix/8441,leeromgeving,4
1631862394,2,content/mix/8441,leeromgeving,7
1635529083,2,content/mix/8441,leeromgeving,5
1635529083,2,content/mix/8441,leeromgeving,3
1638656780,2,content/mix/8441,leeromgeving,6
1638656780,2,content/mix/8441,leeromgeving,8
1643879965,2,content/mix/8441,leeromgeving,4
1643879965,2,content/mix/8441,leeromgeving,3
1668619178,1,content/mix/8441,leeromgeving,0
1668619178,1,content/mix/8441,leeromgeving,3
1668619178,1,content/mix/8441,leeromgeving,5
1684770582,0,content/mix/8441,leeromgeving,6
1684948143,1,content/mix/8441,leeromgeving,8
1684948143,1,content/mix/8441,leeromgeving,5
1689297721,1,content/mix/8441,leeromgeving,4
1689297721,1,content/mix/8441,leeromgeving,3
1689297721,1,content/mix/8441,leeromgeving,2
1702657629,21,content/mix/8441,leeromgeving,6
1702657629,21,content/mix/8441,leeromgeving,4
1722855791,6,content/mix/8441,leeromgeving,3
1722855791,6,content/mix/8441,leeromgeving,6
1741528514,1,content/mix/8441,leeromgeving,3
1741528514,1,content/mix/8441,leeromgeving,3
1745820508,1,content/mix/8441,leeromgeving,1
1745820508,1,content/mix/8441,leeromgeving,1
1745820508,1,content/mix/8441,leeromgeving,4
1749120464,1,content/mix/8441,leeromgeving,9
1749120464,1,content/mix/8441,leeromgeving,0
1753887139,1,content/mix/8441,leeromgeving,2
1753887139,1,content/mix/8441,leeromgeving,5
1753887139,1,content/mix/8441,leeromgeving,0
1755105224,2,content/mix/8441,leeromgeving,9
1755105224,2,content/mix/8441,leeromgeving,7
1755105224,2,content/mix/8441,leeromgeving,0
1776428233,1,content/mix/8441,leeromgeving,1
1776428233,1,content/mix/8441,leeromgeving,4
1784446429,1,content/mix/8441,leeromgeving,3
1784446429,1,content/mix/8441,leeromgeving,8
1800950656,1,content/mix/8441,leeromgeving,6
1800950656,1,content/mix/8441,leeromgeving,1
1840234423,1,content/mix/8441,leeromgeving,0
1840234423,1,content/mix/8441,leeromgeving,4
1840234423,1,content/mix/8441,leeromgeving,0
1861644055,1,content/mix/8441,leeromgeving,3
1861644055,1,content/mix/8441,leeromgeving,9
1862594201,1,content/mix/8441,leeromgeving,0
1862594201,1,content/mix/8441,leeromgeving,4
1875043195,0,content/mix/8441,leeromgeving,2
1875043195,1,content/mix/8441,leeromgeving,4
1875043195,1,content/mix/8441,leeromgeving,7
1905786977,23,content/mix/8441,leeromgeving,4
1905786977,23,content/mix/8441,leeromgeving,7
1905786977,23,content/mix/8441,leeromgeving,9
1915251371,1,content/mix/8441,leeromgeving,3
1915251371,1,content/mix/8441,leeromgeving,2
1917723380,1,content/mix/8441,leeromgeving,0
1917723380,1,content/mix/8441,leeromgeving,7
1923868013,1,content/mix/8441,leeromgeving,4
1923868013,1,content/mix/8441,leeromgeving,3
1923868013,1,content/mix/8441,leeromgeving,7
1934270342,1,content/mix/8441,leeromgeving,1
1934270342,1,content/mix/8441,leeromgeving,8
1934270342,1,content/mix/8441,leeromgeving,4
1936914742,2,content/mix/8441,leeromgeving,2
1936914742,2,content/mix/8441,leeromgeving,7
1948918079,1,content/mix/8441,leeromgeving,4
1948918079,1,content/mix/8441,leeromgeving,3
1975633963,1,content/mix/8441,leeromgeving,7
1975633963,1,content/mix/8441,leeromgeving,4
1975633963,1,content/mix/8441,leeromgeving,9
1978595275,2,content/mix/8441,leeromgeving,3
1978595275,2,content/mix/8441,leeromgeving,5
2007370307,1,content/mix/8441,leeromgeving,0
2007370307,1,content/mix/8441,leeromgeving,5
2007379105,1,content/mix/8441,leeromgeving,3
2007379105,1,content/mix/8441,leeromgeving,2
2016304070,1,content/mix/8441,leeromgeving,7
2016304070,1,content/mix/8441,leeromgeving,4
2019975990,1,content/mix/8441,leeromgeving,3
2019975990,1,content/mix/8441,leeromgeving,9
2019975990,1,content/mix/8441,leeromgeving,0
2070757260,1,content/mix/8441,leeromgeving,4
2070757260,1,content/mix/8441,leeromgeving,3
2108892197,1,content/mix/8441,leeromgeving,8
2108892197,1,content/mix/8441,leeromgeving,4
2123809161,1,content/mix/8441,leeromgeving,8
2123809161,1,content/mix/8441,leeromgeving,4
2124826333,2,content/mix/8441,leeromgeving,3
2124826333,2,content/mix/8441,leeromgeving,7
2140390309,1,content/mix/8441,leeromgeving,5
2140390309,1,content/mix/8441,leeromgeving,6
2140390309,1,content/mix/8441,leeromgeving,0
265801457,1,content/mix/8454,leeromgeving,4
265801457,1,content/mix/8454,leeromgeving,2
265801457,1,content/mix/8454,leeromgeving,6
12341980,1,content/mix/8457,leeromgeving,4
12341980,1,content/mix/8457,leeromgeving,3
16552426,1,content/mix/8457,leeromgeving,8
16552426,1,content/mix/8457,leeromgeving,0
33187239,2,content/mix/8457,leeromgeving,3
33187239,1,content/mix/8457,leeromgeving,6
33187239,2,content/mix/8457,leeromgeving,4
33187239,1,content/mix/8457,leeromgeving,9
56496282,2,content/mix/8457,leeromgeving,7
56496282,2,content/mix/8457,leeromgeving,3
74301839,1,content/mix/8457,leeromgeving,2
74301839,1,content/mix/8457,leeromgeving,8
89847042,5,content/mix/8457,leeromgeving,0
89847042,5,content/mix/8457,leeromgeving,8
119259499,1,content/mix/8457,leeromgeving,4
119259499,1,content/mix/8457,leeromgeving,7
134003539,1,content/mix/8457,leeromgeving,5
134003539,1,content/mix/8457,leeromgeving,2
136327481,1,content/mix/8457,leeromgeving,6
136327481,1,content/mix/8457,leeromgeving,4
144372466,1,content/mix/8457,leeromgeving,1
144372466,1,content/mix/8457,leeromgeving,0
176133506,1,content/mix/8457,leeromgeving,5
176133506,1,content/mix/8457,leeromgeving,1
178745224,2,content/mix/8457,leeromgeving,6
178745224,2,content/mix/8457,leeromgeving,3
210143025,2,content/mix/8457,leeromgeving,6
210143025,2,content/mix/8457,leeromgeving,3
222129188,1,content/mix/8457,leeromgeving,2
222129188,1,content/mix/8457,leeromgeving,1
228540597,3,content/mix/8457,leeromgeving,0
228540597,3,content/mix/8457,leeromgeving,3
243891692,1,content/mix/8457,leeromgeving,2
243891692,1,content/mix/8457,leeromgeving,5
257708072,1,content/mix/8457,leeromgeving,4
257708072,1,content/mix/8457,leeromgeving,5
264212536,6,content/mix/8457,leeromgeving,6
264212536,6,content/mix/8457,leeromgeving,6
266024018,1,content/mix/8457,leeromgeving,1
266024018,1,content/mix/8457,leeromgeving,4
319115916,1,content/mix/8457,leeromgeving,2
319115916,1,content/mix/8457,leeromgeving,9
321901543,3,content/mix/8457,leeromgeving,3
321901543,3,content/mix/8457,leeromgeving,4
336018050,2,content/mix/8457,leeromgeving,5
336018050,2,content/mix/8457,leeromgeving,8
350763565,1,content/mix/8457,leeromgeving,3
350763565,1,content/mix/8457,leeromgeving,0
355406122,2,content/mix/8457,leeromgeving,1
355406122,2,content/mix/8457,leeromgeving,0
365838419,2,content/mix/8457,leeromgeving,4
365838419,2,content/mix/8457,leeromgeving,0
389861463,1,content/mix/8457,leeromgeving,1
389861463,1,content/mix/8457,leeromgeving,3
400909759,1,content/mix/8457,leeromgeving,9
400909759,1,content/mix/8457,leeromgeving,1
412423657,4,content/mix/8457,leeromgeving,4
412423657,4,content/mix/8457,leeromgeving,3
421871750,1,content/mix/8457,leeromgeving,7
421871750,1,content/mix/8457,leeromgeving,4
440266587,4,content/mix/8457,leeromgeving,2
440266587,4,content/mix/8457,leeromgeving,8
454012469,1,content/mix/8457,leeromgeving,4
454012469,1,content/mix/8457,leeromgeving,1
460919707,1,content/mix/8457,leeromgeving,5
460919707,1,content/mix/8457,leeromgeving,3
503332110,2,content/mix/8457,leeromgeving,9
503332110,2,content/mix/8457,leeromgeving,3
506323068,1,content/mix/8457,leeromgeving,7
506323068,1,content/mix/8457,leeromgeving,3
513700769,1,content/mix/8457,leeromgeving,1
513700769,1,content/mix/8457,leeromgeving,8
520591318,6,content/mix/8457,leeromgeving,3
520591318,6,content/mix/8457,leeromgeving,5
528389318,1,content/mix/8457,leeromgeving,6
528389318,1,content/mix/8457,leeromgeving,3
534135870,1,content/mix/8457,leeromgeving,7
534135870,1,content/mix/8457,leeromgeving,2
553715439,1,content/mix/8457,leeromgeving,8
553715439,1,content/mix/8457,leeromgeving,3
577272935,2,content/mix/8457,leeromgeving,4
577272935,2,content/mix/8457,leeromgeving,6
587252051,1,content/mix/8457,leeromgeving,7
587252051,1,content/mix/8457,leeromgeving,4
588540844,1,content/mix/8457,leeromgeving,3
588540844,1,content/mix/8457,leeromgeving,9
615078293,1,content/mix/8457,leeromgeving,0
615078293,1,content/mix/8457,leeromgeving,3
618110775,1,content/mix/8457,leeromgeving,6
618110775,1,content/mix/8457,leeromgeving,2
631768211,4,content/mix/8457,leeromgeving,9
631768211,4,content/mix/8457,leeromgeving,5
634984466,1,content/mix/8457,leeromgeving,7
634984466,1,content/mix/8457,leeromgeving,0
643320478,2,content/mix/8457,leeromgeving,6
643320478,2,content/mix/8457,leeromgeving,0
652850703,2,content/mix/8457,leeromgeving,6
652850703,2,content/mix/8457,leeromgeving,4
714808399,2,content/mix/8457,leeromgeving,3
714808399,2,content/mix/8457,leeromgeving,0
715818126,1,content/mix/8457,leeromgeving,2
715818126,1,content/mix/8457,leeromgeving,4
724472777,3,content/mix/8457,leeromgeving,3
724472777,3,content/mix/8457,leeromgeving,8
743146100,2,content/mix/8457,leeromgeving,0
743146100,2,content/mix/8457,leeromgeving,3
747811438,2,content/mix/8457,leeromgeving,5
747811438,2,content/mix/8457,leeromgeving,7
757553108,2,content/mix/8457,leeromgeving,3
757553108,2,content/mix/8457,leeromgeving,8
762147329,1,content/mix/8457,leeromgeving,4
762147329,1,content/mix/8457,leeromgeving,2
823458042,2,content/mix/8457,leeromgeving,9
823458042,2,content/mix/8457,leeromgeving,4
826355035,1,content/mix/8457,leeromgeving,6
826355035,1,content/mix/8457,leeromgeving,7
827041966,2,content/mix/8457,leeromgeving,8
827041966,2,content/mix/8457,leeromgeving,9
849258980,2,content/mix/8457,leeromgeving,0
849258980,2,content/mix/8457,leeromgeving,4
849258980,2,content/mix/8457,leeromgeving,3
855062227,3,content/mix/8457,leeromgeving,8
855062227,3,content/mix/8457,leeromgeving,5
855062227,3,content/mix/8457,leeromgeving,4
913213943,1,content/mix/8457,leeromgeving,3
913213943,1,content/mix/8457,leeromgeving,7
919035851,1,content/mix/8457,leeromgeving,8
919035851,1,content/mix/8457,leeromgeving,4
926251152,2,content/mix/8457,leeromgeving,3
926251152,2,content/mix/8457,leeromgeving,9
934889372,1,content/mix/8457,leeromgeving,1
934889372,1,content/mix/8457,leeromgeving,0
956599761,7,content/mix/8457,leeromgeving,4
956599761,7,content/mix/8457,leeromgeving,3
975403768,1,content/mix/8457,leeromgeving,8
975403768,1,content/mix/8457,leeromgeving,5
992123816,1,content/mix/8457,leeromgeving,7
992123816,1,content/mix/8457,leeromgeving,8
992506965,13,content/mix/8457,leeromgeving,5
992506965,13,content/mix/8457,leeromgeving,4
997558171,5,content/mix/8457,leeromgeving,3
997558171,5,content/mix/8457,leeromgeving,2
1006902428,2,content/mix/8457,leeromgeving,9
1006902428,2,content/mix/8457,leeromgeving,4
1058568035,3,content/mix/8457,leeromgeving,6
1058568035,3,content/mix/8457,leeromgeving,4
1087744093,1,content/mix/8457,leeromgeving,3
1087744093,1,content/mix/8457,leeromgeving,9
1103145081,2,content/mix/8457,leeromgeving,4
1103145081,2,content/mix/8457,leeromgeving,1
1105945488,2,content/mix/8457,leeromgeving,6
1105945488,2,content/mix/8457,leeromgeving,4
1126319388,1,content/mix/8457,leeromgeving,3
1126319388,1,content/mix/8457,leeromgeving,8
1140021989,8,content/mix/8457,leeromgeving,3
1140021989,8,content/mix/8457,leeromgeving,1
1142740842,1,content/mix/8457,leeromgeving,9
1142740842,1,content/mix/8457,leeromgeving,3
1150726342,4,content/mix/8457,leeromgeving,1
1150726342,4,content/mix/8457,leeromgeving,0
1150726342,4,content/mix/8457,leeromgeving,5
1179823641,1,content/mix/8457,leeromgeving,0
1179823641,1,content/mix/8457,leeromgeving,5
1188188250,1,content/mix/8457,leeromgeving,0
1188188250,1,content/mix/8457,leeromgeving,3
1194793887,1,content/mix/8457,leeromgeving,0
1194793887,1,content/mix/8457,leeromgeving,5
1236449062,2,content/mix/8457,leeromgeving,6
1236449062,2,content/mix/8457,leeromgeving,0
1252004698,2,content/mix/8457,leeromgeving,6
1252004698,2,content/mix/8457,leeromgeving,4
1261187773,4,content/mix/8457,leeromgeving,0
1261187773,4,content/mix/8457,leeromgeving,3
1265955951,1,content/mix/8457,leeromgeving,6
1265955951,1,content/mix/8457,leeromgeving,4
1271627202,3,content/mix/8457,leeromgeving,5
1271627202,3,content/mix/8457,leeromgeving,8
1279388059,1,content/mix/8457,leeromgeving,2
1279388059,1,content/mix/8457,leeromgeving,5
1290297540,3,content/mix/8457,leeromgeving,3
1290297540,3,content/mix/8457,leeromgeving,9
1312013718,2,content/mix/8457,leeromgeving,7
1312013718,2,content/mix/8457,leeromgeving,2
1312917951,5,content/mix/8457,leeromgeving,6
1312917951,5,content/mix/8457,leeromgeving,4
1320891616,1,content/mix/8457,leeromgeving,6
1320891616,1,content/mix/8457,leeromgeving,3
1324055298,1,content/mix/8457,leeromgeving,8
1324055298,1,content/mix/8457,leeromgeving,1
1326408579,7,content/mix/8457,leeromgeving,0
1326408579,7,content/mix/8457,leeromgeving,3
1326408579,7,content/mix/8457,leeromgeving,7
1343285955,1,content/mix/8457,leeromgeving,0
1343285955,1,content/mix/8457,leeromgeving,3
1344548673,2,content/mix/8457,leeromgeving,6
1344548673,2,content/mix/8457,leeromgeving,1
1358422136,2,content/mix/8457,leeromgeving,0
1358422136,2,content/mix/8457,leeromgeving,4
1360111514,1,content/mix/8457,leeromgeving,6
1360111514,1,content/mix/8457,leeromgeving,2
1368212599,2,content/mix/8457,leeromgeving,8
1368212599,2,content/mix/8457,leeromgeving,4
1374909234,2,content/mix/8457,leeromgeving,0
1374909234,2,content/mix/8457,leeromgeving,4
1382290113,3,content/mix/8457,leeromgeving,7
1382290113,3,content/mix/8457,leeromgeving,5
1428567939,4,content/mix/8457,leeromgeving,1
1428567939,4,content/mix/8457,leeromgeving,9
1433379345,5,content/mix/8457,leeromgeving,3
1433379345,5,content/mix/8457,leeromgeving,2
1436842421,1,content/mix/8457,leeromgeving,6
1436842421,1,content/mix/8457,leeromgeving,3
1443079388,1,content/mix/8457,leeromgeving,8
1443079388,1,content/mix/8457,leeromgeving,4
1455534814,2,content/mix/8457,leeromgeving,9
1455534814,2,content/mix/8457,leeromgeving,0
1467806563,1,content/mix/8457,leeromgeving,1
1467806563,1,content/mix/8457,leeromgeving,3
1473277129,1,content/mix/8457,leeromgeving,7
1473277129,1,content/mix/8457,leeromgeving,4
1478646814,1,content/mix/8457,leeromgeving,6
1478646814,1,content/mix/8457,leeromgeving,8
1491204757,1,content/mix/8457,leeromgeving,3
1491204757,1,content/mix/8457,leeromgeving,9
1498840144,1,content/mix/8457,leeromgeving,1
1498840144,1,content/mix/8457,leeromgeving,0
1510570519,1,content/mix/8457,leeromgeving,3
1510570519,1,content/mix/8457,leeromgeving,2
1532415221,3,content/mix/8457,leeromgeving,4
1532415221,3,content/mix/8457,leeromgeving,3
1537557833,2,content/mix/8457,leeromgeving,6
1537557833,2,content/mix/8457,leeromgeving,6
1540902667,1,content/mix/8457,leeromgeving,8
1540902667,1,content/mix/8457,leeromgeving,2
1541530859,1,content/mix/8457,leeromgeving,5
1541530859,1,content/mix/8457,leeromgeving,8
1549192245,2,content/mix/8457,leeromgeving,6
1549192245,2,content/mix/8457,leeromgeving,4
1586732723,1,content/mix/8457,leeromgeving,9
1586732723,1,content/mix/8457,leeromgeving,1
1588419951,1,content/mix/8457,leeromgeving,0
1588419951,1,content/mix/8457,leeromgeving,6
1623786840,1,content/mix/8457,leeromgeving,3
1623786840,2,content/mix/8457,leeromgeving,3
1623786840,1,content/mix/8457,leeromgeving,7
1623786840,2,content/mix/8457,leeromgeving,4
1623786840,1,content/mix/8457,leeromgeving,8
1626023282,2,content/mix/8457,leeromgeving,3
1626023282,2,content/mix/8457,leeromgeving,1
1658009344,1,content/mix/8457,leeromgeving,5
1658009344,1,content/mix/8457,leeromgeving,3
1664241041,3,content/mix/8457,leeromgeving,9
1664241041,3,content/mix/8457,leeromgeving,4
1684919595,1,content/mix/8457,leeromgeving,3
1684919595,1,content/mix/8457,leeromgeving,9
1700149727,2,content/mix/8457,leeromgeving,5
1700149727,2,content/mix/8457,leeromgeving,4
1702657629,25,content/mix/8457,leeromgeving,3
1702657629,25,content/mix/8457,leeromgeving,7
1711167760,3,content/mix/8457,leeromgeving,9
1711167760,3,content/mix/8457,leeromgeving,1
1731359463,1,content/mix/8457,leeromgeving,0
1731359463,1,content/mix/8457,leeromgeving,5
1741528514,2,content/mix/8457,leeromgeving,3
1741528514,2,content/mix/8457,leeromgeving,9
1743257296,2,content/mix/8457,leeromgeving,3
1743257296,2,content/mix/8457,leeromgeving,1
1800950656,1,content/mix/8457,leeromgeving,7
1800950656,1,content/mix/8457,leeromgeving,8
1845328940,2,content/mix/8457,leeromgeving,3
1845328940,2,content/mix/8457,leeromgeving,7
1845333189,3,content/mix/8457,leeromgeving,7
1845333189,3,content/mix/8457,leeromgeving,3
1868094563,2,content/mix/8457,leeromgeving,0
1868094563,2,content/mix/8457,leeromgeving,5
1873499049,3,content/mix/8457,leeromgeving,4
1873499049,3,content/mix/8457,leeromgeving,5
1910232891,3,content/mix/8457,leeromgeving,4
1910232891,2,content/mix/8457,leeromgeving,8
1910232891,2,content/mix/8457,leeromgeving,3
1910232891,3,content/mix/8457,leeromgeving,8
1910232891,3,content/mix/8457,leeromgeving,5
1917901643,1,content/mix/8457,leeromgeving,4
1917901643,1,content/mix/8457,leeromgeving,7
1929422851,3,content/mix/8457,leeromgeving,5
1929422851,3,content/mix/8457,leeromgeving,9
1956145907,1,content/mix/8457,leeromgeving,1
1956145907,1,content/mix/8457,leeromgeving,3
1957585703,2,content/mix/8457,leeromgeving,8
1957585703,2,content/mix/8457,leeromgeving,4
1991254733,1,content/mix/8457,leeromgeving,5
1991254733,1,content/mix/8457,leeromgeving,6
1995707611,1,content/mix/8457,leeromgeving,3
1995707611,1,content/mix/8457,leeromgeving,7
2000054893,1,content/mix/8457,leeromgeving,3
2000054893,1,content/mix/8457,leeromgeving,2
2032123450,5,content/mix/8457,leeromgeving,0
2032123450,5,content/mix/8457,leeromgeving,1
2076847267,1,content/mix/8457,leeromgeving,4
2076847267,1,content/mix/8457,leeromgeving,7
2082446460,2,content/mix/8457,leeromgeving,3
2082446460,2,content/mix/8457,leeromgeving,8
2119602804,3,content/mix/8457,leeromgeving,2
2119602804,3,content/mix/8457,leeromgeving,8
118428509,1,content/mix/8516,leeromgeving,4
118428509,1,content/mix/8516,leeromgeving,3
118428509,1,content/mix/8516,leeromgeving,9
1145785168,1,content/video/2866,leeromgeving,1
1145785168,1,content/video/2866,leeromgeving,5
1145785168,1,content/video/2866,leeromgeving,3
773914411,1,content/video/2874,buurtzorg,7
773914411,1,content/video/2874,buurtzorg,4
773914411,1,content/video/2874,buurtzorg,3
1975633963,0,content/video/2880,leeromgeving,2
284795933,1,content/video/2893,leeromgeving,7
284795933,1,content/video/2893,leeromgeving,4
1205691654,1,content/video/2924,leeromgeving,6
1205691654,2,content/video/2924,leeromgeving,4
1205691654,1,content/video/2924,leeromgeving,3
1205691654,1,content/video/2924,leeromgeving,7
1205691654,2,content/video/2924,leeromgeving,8
1767760963,4,content/video/2924,leeromgeving,1
1767760963,4,content/video/2924,leeromgeving,8
773914411,50,content/video/2926,buurtzorg,3
773914411,50,content/video/2926,buurtzorg,2
1956177070,13,content/video/2927,buurtzorg,0
1956177070,13,content/video/2927,buurtzorg,4
214374672,1,content/video/2957,leeromgeving,6
214374672,1,content/video/2957,leeromgeving,8
214374672,1,content/video/2957,leeromgeving,3
381885075,2,content/video/2962,leeromgeving,2
381885075,2,content/video/2962,leeromgeving,9
1106103709,2,content/video/2962,leeromgeving,1
1106103709,2,content/video/2962,leeromgeving,0
1431384958,1,content/video/2962,leeromgeving,4
1431384958,1,content/video/2962,leeromgeving,7
1431384958,1,content/video/2962,leeromgeving,9
773914411,1,content/video/4813,educared-t,4
773914411,1,content/video/4813,educared-t,2
1395906622,1,content/document/4646,educared-t,9
1395906622,1,content/document/4646,educared-t,6
1306932743,1,content/document/5445,leeromgeving,3
1306932743,1,content/document/5445,leeromgeving,4
1306932743,1,content/document/5445,leeromgeving,7
1491823090,3,content/document/5448,leeromgeving,5
1491823090,3,content/document/5448,leeromgeving,8
1347899957,1,content/document/5477,leeromgeving,4
1347899957,1,content/document/5477,leeromgeving,6
1347899957,1,content/document/5477,leeromgeving,7
235033728,1,content/document/5488,leeromgeving,2
235033728,1,content/document/5488,leeromgeving,0
235033728,1,content/document/5488,leeromgeving,9
1140462619,1,content/document/5508,buurtzorg,4
1140462619,1,content/document/5508,buurtzorg,6
113451117,1,content/document/5521,leeromgeving,2
113451117,1,content/document/5521,leeromgeving,8
113451117,1,content/document/5521,leeromgeving,4
234202990,1,content/document/8494,leeromgeving,7
234202990,1,content/document/8494,leeromgeving,5
234202990,1,content/document/8494,leeromgeving,7
1031422109,3,content/document/8524,leeromgeving,1
1031422109,3,content/document/8524,leeromgeving,0
1031422109,3,content/document/8524,leeromgeving,1
1991254733,2,content/document/8524,leeromgeving,6
1991254733,2,content/document/8524,leeromgeving,4
1991254733,2,content/document/8524,leeromgeving,7
2034685571,1,content/document/8524,leeromgeving,3
2034685571,1,content/document/8524,leeromgeving,9
2034685571,1,content/document/8524,leeromgeving,1
773914411,1,content/e-learning/4194,educared-t,5
773914411,1,content/e-learning/4194,educared-t,2
1778511622,2,content/e-learning/4194,educared-t,6
1778511622,2,content/e-learning/4194,educared-t,8
773914411,18,content/e-learning/4241,educared-t,5
773914411,18,content/e-learning/4241,educared-t,3
1778511622,1,content/e-learning/4241,educared-t,9
1778511622,1,content/e-learning/4241,educared-t,1
1845914268,2,content/e-learning/4241,educared-t,3
1845914268,2,content/e-learning/4241,educared-t,5
773914411,1,content/e-learning/4507,buurtzorg-t,7
773914411,1,content/e-learning/4507,buurtzorg-t,8
773914411,1,content/e-learning/4818,educared-t,1
773914411,1,content/e-learning/4818,educared-t,0
773914411,1,content/e-learning/4819,educared-t,3
773914411,29,content/e-learning/4819,educared-t,7
773914411,29,content/e-learning/4819,educared-t,3
773914411,29,content/e-learning/4819,educared-t,8
773914411,1,content/e-learning/4819,educared-t,4
1222827535,1,content/e-learning/7246,skilly-educared,3
1222827535,1,content/e-learning/7246,skilly-educared,7
275387944,1,content/e-learning/7436,leeromgeving,5
275387944,1,content/e-learning/7436,leeromgeving,4
994207047,1,content/e-learning/7436,leeromgeving,8
994207047,1,content/e-learning/7436,leeromgeving,9
994207047,1,content/e-learning/7436,leeromgeving,1
1205691654,0,content/e-learning/7436,leeromgeving,3
1205691654,1,content/e-learning/7436,leeromgeving,6
1205691654,1,content/e-learning/7436,leeromgeving,4
1210096121,1,content/e-learning/7436,leeromgeving,3
1210096121,1,content/e-learning/7436,leeromgeving,9
1210096121,1,content/e-learning/7436,leeromgeving,5
655203245,1,content/e-learning/7999,leeromgeving,4
655203245,1,content/e-learning/7999,leeromgeving,3
655203245,1,content/e-learning/7999,leeromgeving,7
1599351264,2,content/e-learning/7999,leeromgeving,3
1599351264,2,content/e-learning/7999,leeromgeving,3
1599351264,2,content/e-learning/7999,leeromgeving,9
1874157507,1,content/e-learning/7999,leeromgeving,1
1874157507,1,content/e-learning/7999,leeromgeving,0
102251217,1,content/e-learning/8000,leeromgeving,6
102251217,1,content/e-learning/8000,leeromgeving,4
102251217,1,content/e-learning/8000,leeromgeving,3
483651799,0,content/e-learning/8000,leeromgeving,8
18564187,2,content/e-learning/8473,leeromgeving,0
18564187,2,content/e-learning/8473,leeromgeving,9
1205691654,1,content/e-learning/8473,leeromgeving,1
1205691654,3,content/e-learning/8473,leeromgeving,5
1205691654,2,content/e-learning/8473,leeromgeving,3
1205691654,1,content/e-learning/8473,leeromgeving,8
1205691654,0,content/e-learning/8473,leeromgeving,5
1205691654,2,content/e-learning/8473,leeromgeving,4
1306932743,1,content/e-learning/8473,leeromgeving,8
1306932743,0,content/e-learning/8473,leeromgeving,1
1306932743,1,content/e-learning/8473,leeromgeving,0
1306932743,1,content/e-learning/8473,leeromgeving,1